lighting_type_id,description,source,type,id,unit
1,0.5 metal conduit straps,rs-means,Unit,190211,Ea
2,"Rooftop channel support 1-5/8"" x 1-5/8"" 12gauge galvenized",rs-means,Unit,190212,Ea
3,"PVC Wiring duct snap-in slots 2"" x 1"" ",rs-means,Unit,190213,LF
4,Fixture Hanger 0.75 in diameter 6 ft long,rs-means,Unit,190214,Ea
10,Wire 600V #14 Stranded THWN-THHN,rs-means,Unit,190215,CLF
11,Wire 600V #12 in raceway,rs-means,Unit,190216,CLF
12,Wire 600V #10 in raceway,rs-means,Unit,190217,CLF
13,"Metal conduit. 0.5 in diamater, 11 coupling per 100 LF",rs-means,Unit,190218,LF
14,"Steel Outlet boxes, set flush in concrete 4 "" deep",rs-means,Unit,190219,Ea
15,"Steel Outlet boxes, on framing",rs-means,Unit,190220,Ea
16,"Steel Pull box NEMA 1 12"" x 12"" x4"" Type D",rs-means,Unit,190221,Ea
17,"1"" diameter Electrical non-metallic conduit (PVC conduit)",rs-means,Unit,190222,LF
20,"Surface Ceiling Mount Fixtures:  grid suspension, 2x4 fixtures, T8, 32 watt lamps, acrylic prismatic diffusers",rs-means,Unit,190223,Ea
21,"Surface Mount Strip Fixtures:  grid suspension, 2-T8, 32 watt 4 ft. lamps, rapid start, acrylic prismatic diffusers",rs-means,Unit,190223,Ea
22,"High-bay Pendant Mount, 6-32W T8 2' x 4' fixtures, includes hardware",rs-means,Unit,190224,Ea
23,"High-bay Strip Mount Industrial type 2-32W T8 4' long fixtures, includes hardware",rs-means,Unit,190224,Ea
26,"Recessed Ceiling Mount Fixtures:  grid suspension, 2x4 fixtures, T8, 32 watt lamps, acrylic prismatic diffusers",rs-means,Unit,190225,Ea
27,"Pendant Mount, 4-54W T5HO 16"" x 4' fixtures, includes hardware",rs-means,Unit,190226,Ea
28,"Fluorescent fixture, interior, acrylic lens, grid recess ceiling mounted, 2-32 W T8, 1' W x 4' L, incl lamps, mounting hardware and connections",rs-means,Unit,190227,Ea
29,"Fluorescent fixture, interior, acrylic lens, grid recess ceiling mounted, 2-U32 W T8, 2' W x 2' L, incl lamps, mounting hardware and connections",rs-means,Unit,190228,Ea
30,"Fluorescent fixture, interior, acrylic lens, grid recess ceiling mounted, 2-32 W T8, 2' W x 4' L, incl lamps, mounting hardware and connections",rs-means,Unit,190229,Ea
31,"Fluorescent fixture, interior, acrylic lens, grid recess ceiling mounted, 3-32 W T8, 2' W x 4' L, incl lamps, mounting hardware and connections",rs-means,Unit,190230,Ea
32,"Fluorescent fixture, interior, acrylic lens, grid recess ceiling mounted, 4-32 W T8, 2' W x 4' L, incl lamps, mounting hardware and connections",rs-means,Unit,190225,Ea
33,"Fluorescent fixture, interior, strip, surface mounted, RS, 2-32 W T8, 4' long, incl lamps, mounting hardware and connections",rs-means,Unit,190231,Ea
34,"Fluorescent fixture, interior, strip, surface mounted, S.L., 1-60 W T8, 8' long, incl lamps, mounting hardware and connections",rs-means,Unit,190232,Ea
35,"Fluorescent fixture, interior, strip, surface mounted, S.L., 2-T8/60 W, 8' long, incl lamps, mounting hardware and connections",rs-means,Unit,190233,Ea
36,"Fluorescent fixture, interior, strip, surface mounted, H.O., 2-54 W, T5HO, 4' long, incl lamps, mounting hardware and connections",rs-means,Unit,190234,Ea
37,"Fluorescent fixture, interior, strip, staggered cove mounted, 1-32 W T8, 4' long, incl lamps, mounting hardware and connections",rs-means,Unit,190235,Ea
38,"Fluorescent fixture, interior, high bay pendent mounted, 4-54 W, T5HO, 16"" W x 4' L, incl lamps, mounting hardware and connections",rs-means,Unit,190226,Ea
39,"Fluorescent fixture, interior, high bay pendent mounted, 6-54 W, T5HO, 2' W x 4' L, incl lamps, mounting hardware and connections",rs-means,Unit,190236,Ea
40,"Fluorescent fixture, interior, high bay pendent mounted, 6-32 W, T8, 2' W x 4' L, incl lamps, mounting hardware and connections",rs-means,Unit,190224,Ea
41,"Fluorescent fixture, interior, strip, pendent mounted, industrial, white porcelain enamel, R.S., 2-32 W T8, 4' L, incl lamps, mounting hardware and connections",rs-means,Unit,190237,Ea
42,"Fluorescent fixture, interior, strip, pendent mounted, industrial, white porcelain enamel, S.L., 2-60 W T8, 8' L, incl lamps, mounting hardware and connections",rs-means,Unit,190238,Ea
43,"Fluorescent fixture, interior, troffer, air handling, R.S., 4-32 W T8, 2' W x 4' L, incl lamps, mounting hardware and connections",rs-means,Unit,190239,Ea
44,"Fluorescent fixture, interior, troffer, air handling, R.S., 2-U32 W T8, 2' W x 2' L, incl lamps, mounting hardware and connections",rs-means,Unit,190240,Ea
45,"Fluorescent fixture, interior, troffer, direct/indirect, 2-32 W T8, 2' W x 4' L, incl lamps, mounting hardware and connections",rs-means,Unit,190241,Ea
46,"Fluorescent fixture, interior, troffer parabolic lay-in, 1-32 W T8, 1' W x 4' L, incl lamps, mounting hardware and connections",rs-means,Unit,190242,Ea
47,"Fluorescent fixture, interior, troffer parabolic lay-in, 2-32 W T8, 1' W x 4' L, incl lamps, mounting hardware and connections",rs-means,Unit,190243,Ea
48,"Fluorescent fixture, interior, troffer parabolic lay-in, 2-U32 W T8, 2' W x 2' L, incl lamps, mounting hardware and connections",rs-means,Unit,190244,Ea
49,"Fluorescent fixture, interior, troffer parabolic lay-in, 3-32 W T8, 2' W x 4' L, incl lamps, mounting hardware and connections",rs-means,Unit,190245,Ea
50,"Fluorescent fixture, interior, downlight, recess mounted, incl lamps, mounting hardware and connections",rs-means,Unit,190246,Ea
51,"Fluorescent fixture, interior, wall washer, recess mounted, incl lamps, mounting hardware and connections",rs-means,Unit,190247,Ea
52,"Fluorescent fixture, interior, direct/indirect, steel, pendent mounted, 4' L, incl lamps, mounting hardware and connections",rs-means,Unit,190248,Ea
53,"Fluorescent fixture, interior, direct/indirect, aluminum, pendent mounted, 4' L, incl lamps, mounting hardware and connections",rs-means,Unit,190249,Ea
54,"Fluorescent fixture, interior, prefabricated cove, steel continuous row, 4' L, incl lamps, mounting hardware and connections",rs-means,Unit,190250,Ea
55,"Fluorescent fixture, interior, prefabricated cove, aluminum continuous row, 4' L, incl lamps, mounting hardware and connections",rs-means,Unit,190251,Ea
60,"Metal Halide 1000 W bulb Surface Mount, aluminum reflector, includes hardware",rs-means,Unit,190252,Ea
61,"Metal Halide 250W lamps Type J Low Bay Surface Mount, aluminum reflector 28FC, includes hardware",rs-means,Unit,190253,Ea
62,"Metal Halide 400 W bulb Surface Mount, aluminum reflector, includes hardware",rs-means,Unit,190254,Ea
63,"Metal Halide 400W lamps Type J Low Bay Surface Mount, aluminum reflector 44FC, includes hardware",rs-means,Unit,190255,Ea
64,"Metal halide fixture, interior, recessed, square, 175 W, incl lamps, and mounting hardware",rs-means,Unit,190256,Ea
65,"Metal halide fixture, interior, surface, square, 175 W, incl lamps, and mounting hardware",rs-means,Unit,190257,Ea
66,"Metal halide fixture, interior, pendent, square, 175 W, incl lamps, and mounting hardware",rs-means,Unit,190258,Ea
67,"Metal halide fixture, interior, pendent, square, 200 W, incl lamps, and mounting hardware",rs-means,Unit,190259,Ea
68,"Metal halide fixture, interior, pendent, square, 400 W, incl lamps, and mounting hardware",rs-means,Unit,190260,Ea
69,"Metal halide fixture, interior, integral ballast, prismatic glass lens, recess mounted, 250 W, 2' W x 2' L, incl lamps, mounting hardware and connections",rs-means,Unit,190261,Ea
70,"Metal halide fixture, interior, integral ballast, prismatic glass lens, recess mounted, 400 W, 2' W x 2' L, incl lamps, mounting hardware and connections",rs-means,Unit,190262,Ea
71,"Metal halide fixture, interior, integral ballast, prismatic glass lens, surface mounted, 250 W, 2' W x 2' L, incl lamps, mounting hardware and connections",rs-means,Unit,190263,Ea
72,"Metal halide fixture, interior, integral ballast, prismatic glass lens, surface mounted, 400 W, 2' W x 2' L, incl lamps, mounting hardware and connections",rs-means,Unit,190264,Ea
73,"Metal halide fixture, interior, surface mounted, high bay, aluminum reflector, single unit, 400 W, incl lamps, mounting hardware and connections",rs-means,Unit,190254,Ea
74,"Metal halide fixture, interior, surface mounted, high bay, aluminum reflector, single unit, 1000 W, incl lamps, mounting hardware and connections",rs-means,Unit,190252,Ea
75,"Metal halide fixture, interior, surface mounted, high bay, aluminum reflector, twin unit, 2-400 W, incl lamps, mounting hardware and connections",rs-means,Unit,190265,Ea
76,"Metal halide fixture, interior, surface mounted, low bay, aluminum reflector, DX lamp, 250 W, incl lamps, mounting hardware and connections",rs-means,Unit,190253,Ea
77,"Metal halide fixture, interior, surface mounted, low bay, aluminum reflector, DX lamp, 400 W, incl lamps, mounting hardware and connections",rs-means,Unit,190255,Ea
80,"High pressure sodium fixture, interior, recessed, square, 70 W, incl lamps, and mounting hardware",rs-means,Unit,190266,Ea
81,"High pressure sodium fixture, interior, recessed, square, 100 W, incl lamps, and mounting hardware",rs-means,Unit,190267,Ea
82,"High pressure sodium fixture, interior, recessed, square, 250 W, incl lamps, and mounting hardware",rs-means,Unit,190268,Ea
83,"High pressure sodium fixture, interior, recessed, square, 1000 W, incl lamps, and mounting hardware",rs-means,Unit,190269,Ea
84,"High pressure sodium fixture, interior, surface, square, 70 W, incl lamps, and mounting hardware",rs-means,Unit,190270,Ea
85,"High pressure sodium fixture, interior, surface, square, 100 W, incl lamps, and mounting hardware",rs-means,Unit,190271,Ea
86,"High pressure sodium fixture, interior, surface, square, 250 W, incl lamps, and mounting hardware",rs-means,Unit,190272,Ea
87,"High pressure sodium fixture, interior, pendent, square, 70 W, incl lamps, and mounting hardware",rs-means,Unit,190273,Ea
88,"High pressure sodium fixture, interior, pendent, square, 100 W, incl lamps, and mounting hardware",rs-means,Unit,190274,Ea
89,"High pressure sodium fixture, interior, pendent, square, 150 W, incl lamps, and mounting hardware",rs-means,Unit,190275,Ea
90,"High pressure sodium fixture, interior, pendent, square, 250 W, incl lamps, and mounting hardware",rs-means,Unit,190276,Ea
91,"High pressure sodium fixture, interior, pendent, square, 400 W, incl lamps, and mounting hardware",rs-means,Unit,190277,Ea
92,"High pressure sodium fixture, interior, wall, square, 70 W, incl lamps, and mounting hardware",rs-means,Unit,190278,Ea
93,"High pressure sodium fixture, interior, wall, square, 100 W, incl lamps, and mounting hardware",rs-means,Unit,190279,Ea
94,"High pressure sodium fixture, interior, wall, square, 150 W, incl lamps, and mounting hardware",rs-means,Unit,190280,Ea
95,"High pressure sodium fixture, interior, wall, square, 250 W, incl lamps, and mounting hardware",rs-means,Unit,190281,Ea
96,"High pressure sodium fixture, interior, wall, square, 400 W, incl lamps, and mounting hardware",rs-means,Unit,190282,Ea
97,"High pressure sodium fixture, interior, wall, square, 1000 W, incl lamps, and mounting hardware",rs-means,Unit,190283,Ea
78,"High pressure sodium fixture, interior, integral ballast, prismatic glass lens, recess mounted, 150 W, 2' W x 2' L, incl lamps, mounting hardware and connections",rs-means,Unit,190284,Ea
79,"High pressure sodium fixture, interior, integral ballast, prismatic glass lens, recess mounted, 400 W, 2' W x 2' L, incl lamps, mounting hardware and connections",rs-means,Unit,190285,Ea
80,"High pressure sodium fixture, interior, integral ballast, prismatic glass lens, surface mounted, 150 W, 2' W x 2' L, incl lamps, mounting hardware and connections",rs-means,Unit,190286,Ea
81,"High pressure sodium fixture, interior, integral ballast, prismatic glass lens, surface mounted, 400 W, 2' W x 2' L, incl lamps, mounting hardware and connections",rs-means,Unit,190287,Ea
82,"High pressure sodium fixture, interior, surface mounted, high bay, aluminum reflector, single unit, 400 W, incl lamps, mounting hardware and connections",rs-means,Unit,190288,Ea
83,"High pressure sodium fixture, interior, surface mounted, high bay, aluminum reflector, single unit, 1000 W, incl lamps, mounting hardware and connections",rs-means,Unit,190289,Ea
84,"High pressure sodium fixture, interior, surface mounted, low bay, aluminum reflector, 150 W, incl lamps, mounting hardware and connections",rs-means,Unit,190290,Ea
90,"HID quartz restrike, interior lighting fixtures, high bay, incl lamps, mounting hardware and connections",rs-means,Unit,190291,Ea
100,"Interior LED fixtures, downlight, recess mounted, 25 watt, 7.5"" diameter, incl lamps, mounting hardware and connections",rs-means,Unit,190292,Ea
101,"Interior LED fixtures, downlight, recess mounted, 36 watt, 10"" diameter, incl lamps, mounting hardware and connections",rs-means,Unit,190293,Ea
102,"Interior LED fixtures, downlight, cylinder, 10 watts, incl lamps, mounting hardware and connections",rs-means,Unit,190294,Ea
103,"Interior LED fixtures, downlight, cylinder, 20 watts, incl lamps, mounting hardware and connections",rs-means,Unit,190295,Ea
104,"Interior LED fixtures, troffer, recess mounted, 37 Watts, 3200 Lumens, 2' x 4', incl lamps, mounting hardware and connections, replaces 2 T8s",rs-means,Unit,190296,Ea
105,"Interior LED fixtures, troffer, recess mounted, 60 Watts, 4800 Lumens, 2' x 4', incl lamps, mounting hardware and connections, replaces 3 Ts",rs-means,Unit,190297,Ea
106,"Interior LED fixtures, troffer, recess mounted, 100 Watts, 6400 Lumens, 2' x 4', incl lamps, mounting hardware and connections, replaces 4 T8s",rs-means,Unit,190298,Ea
107,"Interior LED fixtures, troffer retrofit lamp, 38 watt, incl lamps, mounting hardware and connections",rs-means,Unit,190299,Ea
108,"Interior LED fixtures, troffer retrofit lamp, 60 watt, incl lamps, mounting hardware and connections",rs-means,Unit,190300,Ea
109,"Interior LED fixtures, troffer retrofit lamp, 100 watt, incl lamps, mounting hardware and connections",rs-means,Unit,190301,Ea
110,"Interior LED fixtures, troffer, volumetric recess mounted, 2' x 2', incl lamps, mounting hardware and connections",rs-means,Unit,190302,Ea
111,"Interior LED fixtures, strip, surface mounted, 37 Watts, 3500K, one light bar 4' long, incl lamps, mounting hardware and connections",rs-means,Unit,190303,Ea
112,"Interior LED fixtures, strip, surface mounted,  47 Watts 5000K, one light bar 4' long, incl lamps, mounting hardware and connections",rs-means,Unit,190304,Ea
113,"Interior LED fixtures, strip, surface mounted, 92 Watts, 5000K, two light bar 4' long, incl lamps, mounting hardware and connections",rs-means,Unit,190305,Ea
114,"Interior LED fixtures, linear, suspended mounted, 37 watt, one light bar 4' long, incl lamps, mounting hardware and connections",rs-means,Unit,190306,Ea
115,"Interior LED fixtures, linear, suspended mounted, 74 watt, one light bar 8' long, incl lamps, mounting hardware and connections",rs-means,Unit,190307,Ea
116,"Interior LED fixtures, linear, suspended mounted, 74 watt, two light bar 4' long, incl lamps, mounting hardware and connections",rs-means,Unit,190308,Ea
117,"Interior LED fixtures, linear, suspended mounted, 148 watt, two light bar 8' long, incl lamps, mounting hardware and connections",rs-means,Unit,190309,Ea
118,"Interior LED fixtures, high bay, surface mounted, round, 150 watt",rs-means,Unit,190310,Ea
119,"Interior LED fixtures, high bay, surface mounted,two bars, 164 watt",rs-means,Unit,190311,Ea
120,"Interior LED fixtures, high bay, surface mounted, three bars, 246 watt",rs-means,Unit,190312,Ea
121,"Interior LED fixtures, high bay, surface mounted, four bars, 328 watt",rs-means,Unit,190313,Ea
122,"Interior LED fixtures, high bay, surface mounted, five bars, 410 watt",rs-means,Unit,190314,Ea
123,"Interior LED fixtures, high bay, surface mounted, 6 bars, 492 watt",rs-means,Unit,190315,Ea
124,"Interior LED fixtures, high bay, surface mounted, 7 bars, 574 watt",rs-means,Unit,190316,Ea
125,"Interior LED fixtures, high bay, surface mounted, 8 bars, 656 watt",rs-means,Unit,190317,Ea
126,"Interior LED fixtures, track, lighthead, 6 watt",rs-means,Unit,190318,Ea
127,"Interior LED fixtures, track, lighthead, 9 watt",rs-means,Unit,190319,Ea
128,"Interior LED fixtures, garage, surface mounted, 103 watts",rs-means,Unit,190320,Ea
129,"Interior LED fixtures, garage, pendent mounted, 80 watts",rs-means,Unit,190321,Ea
130,"Interior LED fixtures, garage, pendent mounted, 95 watts",rs-means,Unit,190322,Ea
131,"Interior LED fixtures, garage, pendent mounted, 125 watts",rs-means,Unit,190323,Ea
150,"Fluorescent fixtures, residential, interior, surface mounted, circline, 32 watt & 40 watt",rs-means,Unit,190324,Ea
151,"Fluorescent fixtures, residential, interior, surface mounted, 2 U-tube 32 watt T8, 2' x 2'",rs-means,Unit,190325,Ea
152,"Fluorescent fixtures, residential, interior, surface mounted, shallow under cabinet, 2-20 watt",rs-means,Unit,190326,Ea
153,"Fluorescent fixtures, residential, interior, wall mounted, with baffle, 2-32 watt T8, 4' L",rs-means,Unit,190327,Ea
160,"Ballast, replacement, interior lighting fixtures, fluorescent, less than 2 lbs, to 15' high",rs-means,Unit,190328,Ea
161,"Ballast, replacement, interior lighting fixtures, fluorescent, w/ reducer, two 40 W, 2 to 5 lbs, to 15' high",rs-means,Unit,190329,Ea
162,"Ballast, replacement, interior lighting fixtures, fluorescent, slimline, two F96, over 5 lbs, to 15' high",rs-means,Unit,190330,Ea
163,"Electronic ballast, replacement, interior lighting fixtures, for two tubes, to 15' high",rs-means,Unit,190331,Ea
164,"Dimmable ballast, replacement, interior lighting fixtures, one lamp, to 15' high",rs-means,Unit,190332,Ea
165,"Dimmable ballast, replacement, interior lighting fixtures, two-lamp, to 15' high",rs-means,Unit,190333,Ea
166,"Ballasts, replacement, multi-tap, for high pressure sodium, 70 watt",rs-means,Unit,190334,Ea
167,"Ballasts, replacement, multi-tap, for high pressure sodium, 100 watt",rs-means,Unit,190335,Ea
168,"Ballasts, replacement, multi-tap, for high pressure sodium, 150 watt",rs-means,Unit,190336,Ea
169,"Ballasts, replacement, multi-tap, for high pressure sodium, 250 watt",rs-means,Unit,190337,Ea
170,"Ballasts, replacement, multi-tap, for high pressure sodium, 400 watt",rs-means,Unit,190338,Ea
171,"Ballasts, replacement, multi-tap, for high pressure sodium, 1000 watt",rs-means,Unit,190339,Ea
172,"Ballasts, replacement, multi-tap, for metal halide, 175 Watt",rs-means,Unit,190340,Ea
173,"Ballasts, replacement, multi-tap, for metal halide, 250 Watt",rs-means,Unit,190341,Ea
174,"Ballasts, replacement, multi-tap, for metal halide, 400 Watt",rs-means,Unit,190342,Ea
175,"Ballasts, replacement, multi-tap, for metal halide, 1000 Watt",rs-means,Unit,190343,Ea
176,"Ballasts, replacement, multi-tap, for metal halide, 1500 Watt",rs-means,Unit,190344,Ea
177,"Exit lighting, incandescent, single face, ceiling or wall mount",rs-means,Unit,190345,Ea
178,"Exit lighting, incandescent, double face, ceiling or wall mount",rs-means,Unit,190346,Ea
179,"Exit lighting, incandescent, double face, explosion proof, ceiling or wall mount",rs-means,Unit,190347,Ea
180,"Exit lighting, fluorescent, single face, ceiling or wall mount",rs-means,Unit,190348,Ea
181,"Exit lighting, fluorescent, double face, ceiling or wall mount",rs-means,Unit,190349,Ea
182,"Exit lighting, LED standard, single face, ceiling or wall mount",rs-means,Unit,190350,Ea
183,"Exit lighting, LED standard, double face, ceiling or wall mount",rs-means,Unit,190351,Ea
184,"Exit lighting, LED vandal-resistant, single face, single face, ceiling or wall mount",rs-means,Unit,190352,Ea
185,"Exit lighting, LED w/ battery unit, single face, ceiling or wall mount",rs-means,Unit,190353,Ea
186,"Exit lighting, LED w/ battery unit, double face, ceiling or wall mount",rs-means,Unit,190354,Ea
187,"Exit lighting, LED w/ battery unit, vandal-resistant, single face, ceiling or wall mount",rs-means,Unit,190355,Ea
188,"Combination emergency light units and exit sign, ceiling or wall mount",rs-means,Unit,190356,Ea
189,"Exit lighting, LED retrofit kits",rs-means,Unit,190357,Ea
190,"Low pressure sodium fixture, exterior, wall pack, 35 watt, incl lamps",rs-means,Unit,190358,Ea
191,"Low pressure sodium fixture, exterior, wall pack, 55 watt, incl lamps",rs-means,Unit,190359,Ea
192,"High pressure sodium fixture, exterior, wall pack, 70 watt, incl lamps",rs-means,Unit,190360,Ea
193,"High pressure sodium fixture, exterior, wall pack, 150 watt, incl lamps",rs-means,Unit,190361,Ea
194,"Metal halide fixture, exterior, wall pack, 175 Watt, incl lamps",rs-means,Unit,190362,Ea
195,"Metal halide fixture, exterior, wall pack, 250 Watt, incl lamps",rs-means,Unit,190363,Ea
196,"Metal halide fixture, exterior, wall pack, 400 Watt, incl lamps",rs-means,Unit,190364,Ea
197,"LED fixture, exterior, wall pack, poly lens, 26 watt, incl lamps",rs-means,Unit,190365,Ea
198,"LED fixture, exterior, wall pack, poly lens, 110 watt, incl lamps",rs-means,Unit,190366,Ea
199,"LED fixture, exterior, wall pack, poly lens, 13 watt, incl lamps",rs-means,Unit,190367,Ea
200,"Exterior LED fixture, wall mounted, indoor/outdoor, 12 watt, incl lamps",rs-means,Unit,190368,Ea
201,"Exterior LED fixture, wall mounted, indoor/outdoor, 32 watt, incl lamps",rs-means,Unit,190369,Ea
202,"Exterior LED fixture, wall mounted, indoor/outdoor, 66 watt, incl lamps",rs-means,Unit,190370,Ea
203,"Exterior LED fixture, wall mounted, outdoor, 110 watt, incl lamps",rs-means,Unit,190371,Ea
204,"Exterior LED fixture, wall mounted, outdoor, 220 watt, incl lamps",rs-means,Unit,190372,Ea
205,"Exterior LED fixture, modular, type IV, 120 V, 50 watt, incl lamps",rs-means,Unit,190373,Ea
206,"Exterior LED fixture, modular, type IV, 120 V, 101 watt, incl lamps",rs-means,Unit,190374,Ea
207,"Exterior LED fixture, modular, type IV, 120 V, 126 watt, incl lamps",rs-means,Unit,190375,Ea
208,"Exterior LED fixture, modular, type IV, 120 V, 202 watt, incl lamps",rs-means,Unit,190376,Ea
209,"Exterior LED fixture, modular, type IV, 240 V, 50 watt, incl lamps",rs-means,Unit,190377,Ea
210,"Exterior LED fixture, modular, type IV, 240 V, 101 watt, incl lamps",rs-means,Unit,190378,Ea
211,"Exterior LED fixture, modular, type IV, 240 V, 126 watt, incl lamps",rs-means,Unit,190379,Ea
212,"Exterior LED fixture, modular, type IV, 240 V, 202 watt, incl lamps",rs-means,Unit,190380,Ea
213,"Exterior LED fixture, wall pack, glass, 13 watt, incl lamps",rs-means,Unit,190381,Ea
214,"Exterior LED fixture, wall pack, poly w/photocell, 26 watt, incl lamps",rs-means,Unit,190382,Ea
215,"Exterior LED fixture, wall pack, poly w/photocell, 50 watt, incl lamps",rs-means,Unit,190383,Ea
216,"Exterior LED fixture, wall pack, replacement, 40 watt, incl lamps",rs-means,Unit,190384,Ea
217,"Exterior LED fixture, wall pack, replacement, 60 watt, incl lamps",rs-means,Unit,190385,Ea
218,Parking LED 88 watt lamp pole mounting (excludes pole),rs-means,Unit,190386,Ea
219,Walkway LED 86 watts 4350 lumens pole mounted (includes pole),rs-means,Unit,190387,Ea
220,Walkway LED 86 watts 4630 lumens pole mounted (includes pole),rs-means,Unit,190388,Ea
221,Walkway LED 80 watts 4000 lumens pole mounted (includes pole),rs-means,Unit,190389,Ea
222,"Fluorescent lamp, rapid start, cool white, 20 watt, 2' long",rs-means,Unit,190390,Ea
223,"Fluorescent lamp, rapid start, cool white, 40 watt, 4' long",rs-means,Unit,190391,Ea
224,"Fluorescent lamp, rapid start, cool white, 30 watt, 3' long",rs-means,Unit,190392,Ea
225,"Fluorescent lamp, rapid start, cool white, energy saver, 25 watt, 3' long",rs-means,Unit,190393,Ea
226,"Fluorescent lamp, rapid start, cool white, U-40 watt",rs-means,Unit,190394,Ea
227,"Fluorescent lamp, rapid start, cool white, energy saver, U-34 watt",rs-means,Unit,190395,Ea
228,"Fluorescent lamp, rapid start, cool white, energy saver, 34 watt energy saver, 4' long",rs-means,Unit,190396,Ea
229,"Fluorescent lamp, energy saver, 17 watt, 2' long, T8",rs-means,Unit,190397,Ea
230,"Fluorescent lamp, energy saver, 25 watt, 3' long, T8",rs-means,Unit,190398,Ea
231,"Fluorescent lamp, energy saver, 32 watt, 4' long, T8",rs-means,Unit,190399,Ea
232,"Fluorescent lamp, slimline, 40 watt, 4' long",rs-means,Unit,190400,Ea
233,"Fluorescent lamp, slimline, energy saver, 30 watt, 4' long",rs-means,Unit,190401,Ea
234,"Fluorescent lamp, slimline, 75 watt, 8' long",rs-means,Unit,190402,Ea
235,"Fluorescent lamp, slimline, energy saver, 60 watt, 8' long",rs-means,Unit,190403,Ea
236,"Fluorescent lamp, high output, 60 watt, 4' long",rs-means,Unit,190404,Ea
237,"Fluorescent lamp, high output, 95 watt, 8' long",rs-means,Unit,190405,Ea
238,"Fluorescent lamp, high output, 110 watt, 8' long",rs-means,Unit,190406,Ea
239,"Fluorescent lamp, high output, energy saver, 14 watt, 2' long, T5",rs-means,Unit,190407,Ea
240,"Fluorescent lamp, high output, energy saver, 21 watt, 3' long, T5",rs-means,Unit,190408,Ea
241,"Fluorescent lamp, high output, energy saver, 28 watt, 4' long, T5",rs-means,Unit,190409,Ea
242,"Fluorescent lamp, high output, energy saver, 54 watt, 4' long, T5",rs-means,Unit,190410,Ea
243,"Fluorescent lamp, very high output, 110 watt, 4' long",rs-means,Unit,190411,Ea
244,"Fluorescent lamp, very high output, energy saver, 195 watt, 8' long",rs-means,Unit,190412,Ea
245,"Fluorescent lamp, very high output, 215 watt, 8' long",rs-means,Unit,190413,Ea
246,"Fluorescent lamp, full spectrum, 60 watt, 4' long",rs-means,Unit,190414,Ea
247,"Fluorescent lamp, full spectrum, 85 watt, 6' long",rs-means,Unit,190415,Ea
248,"Fluorescent lamp, full spectrum, 110 watt, 8' long",rs-means,Unit,190416,Ea
249,"Fluorescent lamp, twin tube compact lamp",rs-means,Unit,190417,Ea
250,"Fluorescent lamp, double twin tube compact lamp",rs-means,Unit,190418,Ea
251,"Metal halide lamp, mogul base, 175 Watt",rs-means,Unit,190419,Ea
252,"Metal halide lamp, mogul base, 250 Watt",rs-means,Unit,190420,Ea
253,"Metal halide lamp, mogul base, 400 Watt",rs-means,Unit,190421,Ea
254,"Metal halide lamp, mogul base, 1000 Watt",rs-means,Unit,190422,Ea
255,"Metal halide lamp, mogul base, 125 000 initial lumens, 1000 Watt",rs-means,Unit,190423,Ea
256,"Metal halide lamp, mogul base, 1500 Watt",rs-means,Unit,190424,Ea
257,"High pressure sodium lamp, mogul base, 70 watt",rs-means,Unit,190425,Ea
258,"High pressure sodium lamp, mogul base, 100 watt",rs-means,Unit,190426,Ea
259,"high pressure sodium lamp, mogul base, 150 watt",rs-means,Unit,190427,Ea
260,"high pressure sodium lamp, mogul base, 250 watt",rs-means,Unit,190428,Ea
261,"high pressure sodium lamp, mogul base, 400 watt",rs-means,Unit,190429,Ea
262,"high pressure sodium lamp, mogul base, 1000 watt",rs-means,Unit,190430,Ea
263,"Low pressure sodium lamp, mogul base, 35 watt",rs-means,Unit,190431,Ea
264,"Low pressure sodium lamp, mogul base, 55 watt",rs-means,Unit,190432,Ea
265,"Low pressure sodium lamp, mogul base, 90 watt",rs-means,Unit,190433,Ea
266,"Low pressure sodium lamp, mogul base, 135 watt",rs-means,Unit,190434,Ea
267,"Low pressure sodium lamp, mogul base, 180 watt",rs-means,Unit,190435,Ea
268,"quartzline lamp, clear, 500 watt",rs-means,Unit,190436,Ea
269,"quartzline lamp, clear, 1500 watt",rs-means,Unit,190437,Ea
270,"Quartzline lamp, spot, 50 watt, MR 16",rs-means,Unit,190438,Ea
271,"Quartzline tungsten halogen lamp, 400 Watt, T4",rs-means,Unit,190439,Ea
272,"Quartzline tungsten halogen lamp, 1200 Watt, T3",rs-means,Unit,190440,Ea
273,"Halogen lamp, 50 watt, PAR 30",rs-means,Unit,190441,Ea
274,"Halogen lamp, 90 watt, PAR 38",rs-means,Unit,190442,Ea
275,"LED lamp, interior, globe clear A60, equal to 60 watt",rs-means,Unit,190443,Ea
276,"LED lamp, interior, globe frosted A60, equal to 60 watt",rs-means,Unit,190444,Ea
277,"LED lamp, interior, globe earth, equal to 100 watt",rs-means,Unit,190445,Ea
278,"LED lamp, interior, MR16, 3 watt, replacement of halogen 25 watt",rs-means,Unit,190446,Ea
279,"LED lamp, interior, MR16, 6 watt, replacement of halogen 45 watt",rs-means,Unit,190447,Ea
280,"LED lamp, interior, PAR20, 10 watt, equal to 60 watt",rs-means,Unit,190448,Ea
281,"LED lamp, interior, PAR30, 15 watt, equal to 100 watt",rs-means,Unit,190449,Ea
282,"LED lamp 50 watt, w 6ft pri",rs-means,Unit,190450,Ea
283,LED 11 watt dimmable warm white,rs-means,Unit,190451,Ea
284,LED 13 watt dimmable warm white,rs-means,Unit,190452,Ea
285,"LED 9 watt 3500K strip replacement for T8 2 ft linear, frosted",rs-means,Unit,190453,Ea
286,"LED 9 watt 4000K strip replacement for T8 2 ft linear, frosted",rs-means,Unit,190454,Ea
287,"LED 9 watt 5000K strip replacement for T8 2 ft linear, frosted",rs-means,Unit,190455,Ea
288,"LED 18 watt 4000K strip replacement for T8 4 ft linear, frosted",rs-means,Unit,190456,Ea
289,"LED 18 watt 5000K strip replacement for T8 4 ft linear, frosted",rs-means,Unit,190457,Ea
400,Lighting Control  Module,rs-means,Unit,190458,Ea
401,Remote Power Pack,rs-means,Unit,190459,Ea
402,"Occupancy Sensor, passive infrared ceiling mount",rs-means,Unit,190460,Ea
403,"Occupancy Sensor, ultrasonic ceiling mount",rs-means,Unit,190461,Ea
404,"Occupancy Sensor, dual technology ceiling mount",rs-means,Unit,190462,Ea
405,Automatic wall Switch,rs-means,Unit,190463,Ea
406,"Daylight sensor, manual control ceiling mount",rs-means,Unit,190464,Ea
407,"Daylight sensor, ceiling mount, remote with dimming and remote controller",rs-means,Unit,190465,Ea
408,"Daylight sensor,wall mount on/off with dimming",rs-means,Unit,190466,Ea
290,"LED lamp, 17 W LED PAR 38 100 W replacement parabolic reflector ",rs-means,Unit,190452,Ea
